Date,City,County,Users without power
2020-03-24,BALVANERA,CAPITAL FEDERAL,24
2020-03-24,BENAVIDEZ,TIGRE,27
2020-03-24,BERAZATEGUI,BERAZATEGUI,38
2020-03-24,BILLINGHURST,GRAL SAN MARTIN,28
2020-03-24,BURZACO,ALMIRANTE BROWN,71
2020-03-24,C JARDIN EL LIBERTADOR,GRAL SAN MARTIN,24
2020-03-24,CABALLITO,CAPITAL FEDERAL,2
2020-03-24,CAPITAL,CAPITAL FEDERAL,33
2020-03-24,CARLOS SPEGAZZINNI,EZEIZA,18
2020-03-24,CASEROS,3 DE FEBRERO,23
2020-03-24,CLAYPOLE,ALMIRANTE BROWN,15
2020-03-24,DEL VISO,PILAR,2
2020-03-24,ESCOBAR,ESCOBAR,10
2020-03-24,FLORENCIO VARELA,FLORENCIO VARELA,8
2020-03-24,FLORESTA,CAPITAL FEDERAL,25
2020-03-24,GLEW,ALMIRANTE BROWN,85
2020-03-24,GRAL JOSE DE SUCRE,GRAL SAN MARTIN,52
2020-03-24,GRAL RODRIGUEZ,GRAL RODRIGUEZ,28
2020-03-24,GRAND BOURG,MALVINAS ARGENTINAS,30
2020-03-24,GUERNICA,PTE PERON,15
2020-03-24,GUTIERREZ,BERAZATEGUI,5
2020-03-24,HAEDO,MORON,52
2020-03-24,INGENIERO BUDGE,LOMAS DE ZAMORA,22
2020-03-24,ISIDRO CASANOVA,LA MATANZA,15
2020-03-24,LANUS,LANUS,512
2020-03-24,LIBERTAD,MERLO,11
2020-03-24,LOMAS DEL MIRADOR,LA MATANZA,4
2020-03-24,LONGCHAMPS,ALMIRANTE BROWN,42
2020-03-24,MANUEL ALBERTI,PILAR,19
2020-03-24,MARCOS PAZ,MARCOS PAZ,9
2020-03-24,MARIANO ACOSTA,MERLO,5
2020-03-24,MARMOL,ALMIRANTE BROWN,76
2020-03-24,MATADEROS,CAPITAL FEDERAL,125
2020-03-24,MERLO,MERLO,103
2020-03-24,MONTE GRANDE,ESTEBAN ECHEVERRIA,40
2020-03-24,MORENO,MORENO,19
2020-03-24,MORON,MORON,14
2020-03-24,PALERMO,CAPITAL FEDERAL,4
2020-03-24,PONTEVEDRA,MERLO,25
2020-03-24,PTE DERQUI,PILAR,25
2020-03-24,QUILMES,QUILMES,13
2020-03-24,RECOLETA,CAPITAL FEDERAL,9
2020-03-24,SAN ANTONIO DE PADUA,MERLO,55
2020-03-24,SAN FRANCISCO SOLANO,QUILMES,3
2020-03-24,SAN JUSTO,LA MATANZA,4
2020-03-24,TEMPERLEY,LOMAS DE ZAMORA,14
2020-03-24,TORTUGUITAS,MALVINAS ARGENTINAS,27
2020-03-24,VELEZ SARFIELD,CAPITAL FEDERAL,8
2020-03-24,VILLA DOMINICO,AVELLANEDA,37
2020-03-24,VILLA LUGANO,CAPITAL FEDERAL,67
2020-03-24,VILLA NUMANCIA,PTE PERON,12
2020-03-24,VILLA ORTUZAR,CAPITAL FEDERAL,5
2020-03-24,VILLA PUEYRRED?N,CAPITAL FEDERAL,4
2020-03-24,VILLA TESEI,HURLINGHAM,47
2020-03-24,VILLA URQUIZA,CAPITAL FEDERAL,7
2020-03-24,WILDE,AVELLANEDA,133
2020-03-25,ALMAGRO,CAPITAL FEDERAL,19
2020-03-25,AVELLANEDA,AVELLANEDA,79
2020-03-25,BANDFIELD,LOMAS DE ZAMORA,75
2020-03-25,BELLA VISTA,SAN MIGUEL,16
2020-03-25,BENAVIDEZ,TIGRE,27
2020-03-25,BERAZATEGUI,BERAZATEGUI,1
2020-03-25,BILLINGHURST,GRAL SAN MARTIN,42
2020-03-25,BOSQUES,FLORENCIO VARELA,31
2020-03-25,BURZACO,ALMIRANTE BROWN,71
2020-03-25,C JARDIN EL LIBERTADOR,GRAL SAN MARTIN,24
2020-03-25,C LIBERTADOR SAN MART?N,GRAL SAN MARTIN,12
2020-03-25,CAPITAL,CAPITAL FEDERAL,31
2020-03-25,CASEROS,3 DE FEBRERO,11
2020-03-25,CASTELAR,MORON,4
2020-03-25,COPENHAGÜE,PTE PERON,1
2020-03-25,DEL VISO,PILAR,2
2020-03-25,FATIMA,PILAR,5
2020-03-25,FLORENCIO VARELA,FLORENCIO VARELA,1
2020-03-25,FLORES,CAPITAL FEDERAL,30
2020-03-25,FLORESTA,CAPITAL FEDERAL,15
2020-03-25,FLORIDA (OESTE),VICENTE LOPEZ,10
2020-03-25,GLEW,ALMIRANTE BROWN,26
2020-03-25,GONZALEZ CATAN,LA MATANZA,13
2020-03-25,GRAL LAS HERAS,GRAL LAS HERAS,9
2020-03-25,GUERNICA,PTE PERON,27
2020-03-25,HAEDO,MORON,52
2020-03-25,INGENIERO BUDGE,LOMAS DE ZAMORA,52
2020-03-25,ISIDRO CASANOVA,LA MATANZA,16
2020-03-25,LA TABLADA,LA MATANZA,29
2020-03-25,LANUS,LANUS,44
2020-03-25,LAVALLOL,LOMAS DE ZAMORA,58
2020-03-25,LINIERS,CAPITAL FEDERAL,17
2020-03-25,LONGCHAMPS,ALMIRANTE BROWN,6
2020-03-25,MANUEL ALBERTI,PILAR,27
2020-03-25,MATADEROS,CAPITAL FEDERAL,126
2020-03-25,MERLO,MERLO,31
2020-03-25,MONSERRAT,CAPITAL FEDERAL,7
2020-03-25,MONTE CHINGOLO,LANUS,23
2020-03-25,MONTE GRANDE,ESTEBAN ECHEVERRIA,67
2020-03-25,MORENO,MORENO,19
2020-03-25,PABLO NOGUES,MALVINAS ARGENTINAS,46
2020-03-25,PALERMO,CAPITAL FEDERAL,19
2020-03-25,PARQUE CHACABUCO,CAPITAL FEDERAL,3
2020-03-25,PARQUE PATRICIOS,CAPITAL FEDERAL,2
2020-03-25,PIÑEYRO,AVELLANEDA,1
2020-03-25,PTE DERQUI,PILAR,25
2020-03-25,QUILMES,QUILMES,13
2020-03-25,RAFAEL CASTILLO,LA MATANZA,6
2020-03-25,RECOLETA,CAPITAL FEDERAL,12
2020-03-25,SAENZ PE?A,3 DE FEBRERO,136
2020-03-25,SAN ANTONIO DE PADUA,MERLO,55
2020-03-25,SAN FERNANDO,SAN FERNANDO,28
2020-03-25,SAN FRANCISCO SOLANO,QUILMES,52
2020-03-25,SAN JUSTO,LA MATANZA,5
2020-03-25,SAN NICOLAS,CAPITAL FEDERAL,1
2020-03-25,TEMPERLEY,LOMAS DE ZAMORA,65
2020-03-25,TORTUGUITAS,MALVINAS ARGENTINAS,27
2020-03-25,TRUJUI,MORENO,40
2020-03-25,VILLA CENTENARIO,LOMAS DE ZAMORA,90
2020-03-25,VILLA DOMINICO,AVELLANEDA,34
2020-03-25,VILLA FIORITO,LOMAS DE ZAMORA,57
2020-03-25,VILLA LUGANO,CAPITAL FEDERAL,73
2020-03-25,VILLA ORTUZAR,CAPITAL FEDERAL,5
2020-03-25,VILLA PUEYRRED?N,CAPITAL FEDERAL,15
2020-03-25,VIRREY DEL PINO,LA MATANZA,47
2020-03-25,WILDE,AVELLANEDA,37
2020-03-26,ALMAGRO,CAPITAL FEDERAL,20
2020-03-26,BELGRANO,CAPITAL FEDERAL,11
2020-03-26,BERAZATEGUI,BERAZATEGUI,24
2020-03-26,BOSQUES,FLORENCIO VARELA,10
2020-03-26,BOULOGNE,SAN ISIDRO,1
2020-03-26,BURZACO,ALMIRANTE BROWN,286
2020-03-26,C J LOMAS DEL PALOMAR,3 DE FEBRERO,3
2020-03-26,C LIBERTADOR SAN MART?N,GRAL SAN MARTIN,16
2020-03-26,CAPITAL,CAPITAL FEDERAL,8
2020-03-26,CIUDADELA,3 DE FEBRERO,59
2020-03-26,DEL VISO,PILAR,13
2020-03-26,EZPELETA,QUILMES,2
2020-03-26,FATIMA,PILAR,1
2020-03-26,FLORES,CAPITAL FEDERAL,56
2020-03-26,FLORIDA,VICENTE LOPEZ,5
2020-03-26,GLEW,ALMIRANTE BROWN,26
2020-03-26,GONZALEZ CATAN,LA MATANZA,9
2020-03-26,GRAL RODRIGUEZ,GRAL RODRIGUEZ,85
2020-03-26,GUTIERREZ,BERAZATEGUI,1
2020-03-26,INGENIERO BUDGE,LOMAS DE ZAMORA,37
2020-03-26,ISIDRO CASANOVA,LA MATANZA,57
2020-03-26,LANUS,LANUS,256
2020-03-26,MATADEROS,CAPITAL FEDERAL,5
2020-03-26,MERLO,MERLO,32
2020-03-26,MONSERRAT,CAPITAL FEDERAL,7
2020-03-26,MONTE CASTRO,CAPITAL FEDERAL,35
2020-03-26,MORON,MORON,1
2020-03-26,NU?EZ,CAPITAL FEDERAL,15
2020-03-26,PABLO NOGUES,MALVINAS ARGENTINAS,46
2020-03-26,PARQUE CHACABUCO,CAPITAL FEDERAL,12
2020-03-26,PTE DERQUI,PILAR,25
2020-03-26,RAFAEL CALZADA,ALMIRANTE BROWN,44
2020-03-26,RAFAEL CASTILLO,LA MATANZA,0
2020-03-26,SAENZ PE?A,3 DE FEBRERO,5
2020-03-26,SAN CRISTOBAL,CAPITAL FEDERAL,78
2020-03-26,SAN FRANCISCO SOLANO,QUILMES,1
2020-03-26,SAN JUSTO,LA MATANZA,30
2020-03-26,TEMPERLEY,LOMAS DE ZAMORA,53
2020-03-26,VILLA CENTENARIO,LOMAS DE ZAMORA,15
2020-03-26,VILLA CRESPO,CAPITAL FEDERAL,39
2020-03-26,VILLA FIORITO,LOMAS DE ZAMORA,14
2020-03-26,VILLA MADERO,LA MATANZA,5
2020-03-26,VILLA URQUIZA,CAPITAL FEDERAL,5
2020-03-26,WILDE,AVELLANEDA,37
2020-03-27,AVELLANEDA,AVELLANEDA,75
2020-03-27,BALVANERA,CAPITAL FEDERAL,6
2020-03-27,BANDFIELD,LOMAS DE ZAMORA,1
2020-03-27,BARRACAS,CAPITAL FEDERAL,20
2020-03-27,BARRIO LA UNION,EZEIZA,19
2020-03-27,BELGRANO,CAPITAL FEDERAL,7
2020-03-27,BERAZATEGUI,BERAZATEGUI,24
2020-03-27,C LIBERTADOR SAN MART?N,GRAL SAN MARTIN,30
2020-03-27,CAPITAL,CAPITAL FEDERAL,12
2020-03-27,CARLOS SPEGAZZINNI,EZEIZA,32
2020-03-27,CHACARITA,CAPITAL FEDERAL,19
2020-03-27,CIUDAD DE TIGRE,TIGRE,4
2020-03-27,EL PALOMAR,MORON,1
2020-03-27,FATIMA,PILAR,52
2020-03-27,FLORENCIO VARELA,FLORENCIO VARELA,5
2020-03-27,FLORES,CAPITAL FEDERAL,127
2020-03-27,FLORESTA,CAPITAL FEDERAL,54
2020-03-27,GLEW,ALMIRANTE BROWN,26
2020-03-27,GREGORIO DE LAFERRERE,LA MATANZA,24
2020-03-27,GUERNICA,PTE PERON,172
2020-03-27,INGENIERO BUDGE,LOMAS DE ZAMORA,58
2020-03-27,JOSE C PAZ,JOSE C PAZ,26
2020-03-27,LA PATERNAL,CAPITAL FEDERAL,8
2020-03-27,LANUS,LANUS,9
2020-03-27,LOMAS DEL MIRADOR,LA MATANZA,4
2020-03-27,LONGCHAMPS,ALMIRANTE BROWN,11
2020-03-27,MARIANO ACOSTA,MERLO,2
2020-03-27,MATADEROS,CAPITAL FEDERAL,5
2020-03-27,MERLO,MERLO,32
2020-03-27,PALERMO,CAPITAL FEDERAL,50
2020-03-27,PLATANOS,BERAZATEGUI,99
2020-03-27,QUILMES,QUILMES,4
2020-03-27,RICARDO ROJAS,TIGRE,29
2020-03-27,SAN ANDRES,GRAL SAN MARTIN,33
2020-03-27,SAN CRISTOBAL,CAPITAL FEDERAL,78
2020-03-27,SAN FERNANDO,SAN FERNANDO,19
2020-03-27,SAN FRANCISCO SOLANO,QUILMES,264
2020-03-27,SARANDI,AVELLANEDA,34
2020-03-27,TEMPERLEY,LOMAS DE ZAMORA,7
2020-03-27,VALENTIN ALSINA,LANUS,32
2020-03-27,VILLA CRESPO,CAPITAL FEDERAL,14
2020-03-27,VILLA DOMINICO,AVELLANEDA,30
2020-03-27,VILLA SARMIENTO,MORON,4
2020-03-27,VILLA URQUIZA,CAPITAL FEDERAL,16
2020-03-27,VIRREY DEL PINO,LA MATANZA,16
2020-03-28,BARRACAS,CAPITAL FEDERAL,19
2020-03-28,BELGRANO,CAPITAL FEDERAL,29
2020-03-28,BELLA VISTA,SAN MIGUEL,4
2020-03-28,BERAZATEGUI,BERAZATEGUI,12
2020-03-28,C LIBERTADOR SAN MART?N,GRAL SAN MARTIN,9
2020-03-28,CARLOS SPEGAZZINNI,EZEIZA,32
2020-03-28,CIUDAD DE TIGRE,TIGRE,41
2020-03-28,FATIMA,PILAR,52
2020-03-28,FLORENCIO VARELA,FLORENCIO VARELA,12
2020-03-28,FLORES,CAPITAL FEDERAL,60
2020-03-28,GLEW,ALMIRANTE BROWN,26
2020-03-28,GRAL RODRIGUEZ,GRAL RODRIGUEZ,6
2020-03-28,INGENIERO BUDGE,LOMAS DE ZAMORA,40
2020-03-28,LUIS GUILLON,ESTEBAN ECHEVERRIA,30
2020-03-28,MORENO,MORENO,35
2020-03-28,MORON,MORON,7
2020-03-28,PALERMO,CAPITAL FEDERAL,6
2020-03-28,QUILMES,QUILMES,4
2020-03-28,RICARDO ROJAS,TIGRE,29
2020-03-28,SAENZ PE?A,3 DE FEBRERO,19
2020-03-28,SAN ANDRES,GRAL SAN MARTIN,33
2020-03-28,SANTOS LUGARES,3 DE FEBRERO,138
2020-03-28,SARANDI,AVELLANEDA,34
2020-03-28,TEMPERLEY,LOMAS DE ZAMORA,7
2020-03-28,VILLA DOMINICO,AVELLANEDA,30
2020-03-28,VILLA URQUIZA,CAPITAL FEDERAL,16
2020-03-28,VIRREY DEL PINO,LA MATANZA,16
2020-03-29,AGRONOMIA,CAPITAL FEDERAL,76
2020-03-29,AVELLANEDA,AVELLANEDA,1
2020-03-29,BARRACAS,CAPITAL FEDERAL,9
2020-03-29,BENAVIDEZ,TIGRE,14
2020-03-29,BOSQUES,FLORENCIO VARELA,12
2020-03-29,BURZACO,ALMIRANTE BROWN,51
2020-03-29,CAPITAL,CAPITAL FEDERAL,53
2020-03-29,CASTELAR,MORON,29
2020-03-29,CIUDAD DE TIGRE,TIGRE,42
2020-03-29,COLEGIALES,CAPITAL FEDERAL,5
2020-03-29,EL JAGUEL,ESTEBAN ECHEVERRIA,110
2020-03-29,FLORES,CAPITAL FEDERAL,103
2020-03-29,GARIN,ESCOBAR,10
2020-03-29,GLEW,ALMIRANTE BROWN,34
2020-03-29,GRAL EUGENIO NECOCHEA,GRAL SAN MARTIN,23
2020-03-29,GRAL LAS HERAS,GRAL LAS HERAS,16
2020-03-29,HURLINGHAM,HURLINGHAM,4
2020-03-29,INGENIERO BUDGE,LOMAS DE ZAMORA,4
2020-03-29,ISIDRO CASANOVA,LA MATANZA,60
2020-03-29,LA BOCA,CAPITAL FEDERAL,12
2020-03-29,LA REJA,MORENO,5
2020-03-29,LONGCHAMPS,ALMIRANTE BROWN,84
2020-03-29,LUIS GUILLON,ESTEBAN ECHEVERRIA,53
2020-03-29,MANZANARES,PILAR,15
2020-03-29,MATADEROS,CAPITAL FEDERAL,36
2020-03-29,MATHEU,ESCOBAR,61
2020-03-29,MERLO,MERLO,109
2020-03-29,MORENO,MORENO,12
2020-03-29,PALERMO,CAPITAL FEDERAL,10
2020-03-29,PILAR,PILAR,16
2020-03-29,PLATANOS,BERAZATEGUI,1
2020-03-29,RAFAEL CALZADA,ALMIRANTE BROWN,10
2020-03-29,SAN VICENTE,SAN VICENTE,5
2020-03-29,SARANDI,AVELLANEDA,16
2020-03-29,SOURIGUES,BERAZATEGUI,13
2020-03-29,VILLA DEVOTO,CAPITAL FEDERAL,19
2020-03-29,VILLA GENERAL MITRE,CAPITAL FEDERAL,5
2020-04-02,9 DE ABRIL,ESTEBAN ECHEVERRIA,3
2020-04-02,AGRONOMIA,CAPITAL FEDERAL,13
2020-04-02,ALMAGRO,CAPITAL FEDERAL,23
2020-04-02,BARRACAS,CAPITAL FEDERAL,14
2020-04-02,BENAVIDEZ,TIGRE,6
2020-04-02,BILLINGHURST,GRAL SAN MARTIN,2
2020-04-02,C J LOMAS DEL PALOMAR,3 DE FEBRERO,3
2020-04-02,CAPITAL,CAPITAL FEDERAL,11
2020-04-02,CONSTITUCION,CAPITAL FEDERAL,9
2020-04-02,CUARTEL V,MORENO,22
2020-04-02,DELTA 1RA SECCION (TI),TIGRE,8
2020-04-02,DELTA 2DA SECCION (SF),SAN FERNANDO,8
2020-04-02,EL PALOMAR,MORON,25
2020-04-02,EL PATO,BERAZATEGUI,5
2020-04-02,ESCOBAR,ESCOBAR,19
2020-04-02,EZPELETA,QUILMES,90
2020-04-02,GLEW,ALMIRANTE BROWN,26
2020-04-02,HUDSON,BERAZATEGUI,5
2020-04-02,JOSE C PAZ,JOSE C PAZ,14
2020-04-02,LA LONJA,PILAR,9
2020-04-02,LA TABLADA,LA MATANZA,7
2020-04-02,LUIS LAGOMARSINO,PILAR,7
2020-04-02,MARCOS PAZ,MARCOS PAZ,8
2020-04-02,MARMOL,ALMIRANTE BROWN,5
2020-04-02,MERLO,MERLO,102
2020-04-02,MONTE CHINGOLO,LANUS,6
2020-04-02,MUNRO,VICENTE LOPEZ,24
2020-04-02,PARQUE AVELLANEDA,CAPITAL FEDERAL,5
2020-04-02,PASO DEL REY,MORENO,4
2020-04-02,RECOLETA,CAPITAL FEDERAL,79
2020-04-02,SAN FRANCISCO SOLANO,QUILMES,5
2020-04-02,SAN JUSTO,LA MATANZA,18
2020-04-02,SAN MIGUEL,SAN MIGUEL,4
2020-04-02,SOURIGUES,BERAZATEGUI,6
2020-04-02,TRONCOS DEL TALAR,TIGRE,40
2020-04-02,VILLA CRESPO,CAPITAL FEDERAL,36
2020-04-02,VILLA LUZURIAGA,LA MATANZA,23
2020-04-03,ALMAGRO,CAPITAL FEDERAL,23
2020-04-03,BARRACAS,CAPITAL FEDERAL,27
2020-04-03,BENAVIDEZ,TIGRE,17
2020-04-03,BURZACO,ALMIRANTE BROWN,56
2020-04-03,CAPITAL,CAPITAL FEDERAL,6
2020-04-03,COLEGIALES,CAPITAL FEDERAL,14
2020-04-03,CONSTITUCION,CAPITAL FEDERAL,9
2020-04-03,EL PATO,BERAZATEGUI,5
2020-04-03,ESCOBAR,ESCOBAR,19
2020-04-03,EZPELETA,QUILMES,81
2020-04-03,GLEW,ALMIRANTE BROWN,26
2020-04-03,MARCOS PAZ,MARCOS PAZ,8
2020-04-03,MATADEROS,CAPITAL FEDERAL,2
2020-04-03,MONTE CHINGOLO,LANUS,6
2020-04-03,MORENO,MORENO,1
2020-04-03,PARQUE AVELLANEDA,CAPITAL FEDERAL,5
2020-04-03,PASO DEL REY,MORENO,4
2020-04-03,PILAR,PILAR,15
2020-04-03,RECOLETA,CAPITAL FEDERAL,82
2020-04-03,SAN JUSTO,LA MATANZA,5
2020-04-03,SAN MIGUEL,SAN MIGUEL,4
2020-04-03,SOURIGUES,BERAZATEGUI,6
2020-04-03,VILLA DOMINICO,AVELLANEDA,69
2020-04-03,VILLA FIORITO,LOMAS DE ZAMORA,5
2020-04-04,AGRONOMIA,CAPITAL FEDERAL,5
2020-04-04,ALMAGRO,CAPITAL FEDERAL,6
2020-04-04,BARRACAS,CAPITAL FEDERAL,84
2020-04-04,BELGRANO,CAPITAL FEDERAL,0
2020-04-04,BOSQUES,FLORENCIO VARELA,11
2020-04-04,CIUDAD EVITA,LA MATANZA,81
2020-04-04,FLORESTA,CAPITAL FEDERAL,6
2020-04-04,GLEW,ALMIRANTE BROWN,17
2020-04-04,GRAL LAS HERAS,GRAL LAS HERAS,56
2020-04-04,HAEDO,MORON,23
2020-04-04,ISIDRO CASANOVA,LA MATANZA,4
2020-04-04,JUAN GREGORIO LAS HERAS,GRAL SAN MARTIN,4
2020-04-04,LANUS,LANUS,3
2020-04-04,LOMAS DE ZAMORA,LOMAS DE ZAMORA,9
2020-04-04,MERLO,MERLO,91
2020-04-04,MUNRO,VICENTE LOPEZ,4
2020-04-04,PARQUE PATRICIOS,CAPITAL FEDERAL,6
2020-04-04,RAMOS MEJIA,LA MATANZA,29
2020-04-04,RECOLETA,CAPITAL FEDERAL,8
2020-04-04,SAN ANTONIO DE PADUA,MERLO,58
2020-04-04,SAN CRISTOBAL,CAPITAL FEDERAL,12
2020-04-04,SAN FERNANDO,SAN FERNANDO,35
2020-04-04,SAN FRANCISCO SOLANO,QUILMES,72
2020-04-04,VILLA DEVOTO,CAPITAL FEDERAL,14
2020-04-04,VILLA SOLDATI,CAPITAL FEDERAL,10
2020-04-05,AGRONOMIA,CAPITAL FEDERAL,27
2020-04-05,ALDO BONZI,LA MATANZA,16
2020-04-05,BARRACAS,CAPITAL FEDERAL,111
2020-04-05,BOEDO,CAPITAL FEDERAL,18
2020-04-05,BOSQUES,FLORENCIO VARELA,72
2020-04-05,CAPITAL,CAPITAL FEDERAL,70
2020-04-05,CASEROS,3 DE FEBRERO,34
2020-04-05,CIUDAD DE TIGRE,TIGRE,12
2020-04-05,CIUDAD EVITA,LA MATANZA,16
2020-04-05,ESCOBAR,ESCOBAR,8
2020-04-05,FLORENCIO VARELA,FLORENCIO VARELA,52
2020-04-05,FLORESTA,CAPITAL FEDERAL,6
2020-04-05,GLEW,ALMIRANTE BROWN,21
2020-04-05,GRAL RODRIGUEZ,GRAL RODRIGUEZ,27
2020-04-05,GRAND BOURG,MALVINAS ARGENTINAS,17
2020-04-05,GREGORIO DE LAFERRERE,LA MATANZA,5
2020-04-05,HAEDO,MORON,23
2020-04-05,HURLINGHAM,HURLINGHAM,31
2020-04-05,ISIDRO CASANOVA,LA MATANZA,4
2020-04-05,LA BOCA,CAPITAL FEDERAL,24
2020-04-05,LUIS GUILLON,ESTEBAN ECHEVERRIA,27
2020-04-05,MARCOS PAZ,MARCOS PAZ,4
2020-04-05,MERLO,MERLO,91
2020-04-05,MORENO,MORENO,4
2020-04-05,PALERMO,CAPITAL FEDERAL,19
2020-04-05,PARQUE PATRICIOS,CAPITAL FEDERAL,6
2020-04-05,PILAR,PILAR,7
2020-04-05,RAMOS MEJIA,LA MATANZA,1
2020-04-05,RECOLETA,CAPITAL FEDERAL,10
2020-04-05,SAAVEDRA,CAPITAL FEDERAL,12
2020-04-05,SAN CRISTOBAL,CAPITAL FEDERAL,12
2020-04-05,SAN FERNANDO,SAN FERNANDO,20
2020-04-05,SAN FRANCISCO SOLANO,QUILMES,49
2020-04-05,SAN TELMO,CAPITAL FEDERAL,26
2020-04-05,VICENTE LOPEZ,VICENTE LOPEZ,5
2020-04-05,VILLA CENTENARIO,LOMAS DE ZAMORA,44
2020-04-05,VILLA CRESPO,CAPITAL FEDERAL,71
2020-04-05,VILLA DE MAYO,MALVINAS ARGENTINAS,27
2020-04-05,VILLA FIORITO,LOMAS DE ZAMORA,13
2020-04-05,VILLA MAIPU,GRAL SAN MARTIN,13
2020-04-05,VILLA ORTUZAR,CAPITAL FEDERAL,35
2020-04-05,VILLA SOLDATI,CAPITAL FEDERAL,4
2020-04-05,VILLA UDAONDO,ITUZAINGO,10
2020-04-05,VIRREY DEL PINO,LA MATANZA,26
2020-04-06,AGRONOMIA,CAPITAL FEDERAL,27
2020-04-06,BARRACAS,CAPITAL FEDERAL,109
2020-04-06,BELGRANO,CAPITAL FEDERAL,15
2020-04-06,BERNAL,QUILMES,21
2020-04-06,BOEDO,CAPITAL FEDERAL,18
2020-04-06,CAPITAL,CAPITAL FEDERAL,15
2020-04-06,CASEROS,3 DE FEBRERO,1
2020-04-06,CIUDAD DE TIGRE,TIGRE,5
2020-04-06,ESCOBAR,ESCOBAR,8
2020-04-06,FLORENCIO VARELA,FLORENCIO VARELA,6
2020-04-06,GRAL RODRIGUEZ,GRAL RODRIGUEZ,27
2020-04-06,GRAND BOURG,MALVINAS ARGENTINAS,42
2020-04-06,LA BOCA,CAPITAL FEDERAL,9
2020-04-06,LA LONJA,PILAR,4
2020-04-06,LA TABLADA,LA MATANZA,24
2020-04-06,LANUS,LANUS,11
2020-04-06,MARCOS PAZ,MARCOS PAZ,40
2020-04-06,MATADEROS,CAPITAL FEDERAL,14
2020-04-06,MERLO,MERLO,4
2020-04-06,MORENO,MORENO,4
2020-04-06,NU?EZ,CAPITAL FEDERAL,5
2020-04-06,PALERMO,CAPITAL FEDERAL,128
2020-04-06,PARQUE PATRICIOS,CAPITAL FEDERAL,1
2020-04-06,SAN TELMO,CAPITAL FEDERAL,32
2020-04-06,SOURIGUES,BERAZATEGUI,42
2020-04-06,TORTUGUITAS,MALVINAS ARGENTINAS,17
2020-04-06,TRUJUI,MORENO,11
2020-04-06,VILLA BALLESTER,GRAL SAN MARTIN,16
2020-04-06,VILLA LUZURIAGA,LA MATANZA,7
2020-04-06,VILLA MAIPU,GRAL SAN MARTIN,21
2020-04-06,VILLA ORTUZAR,CAPITAL FEDERAL,1
2020-04-06,VILLA ROSA,PILAR,11
2020-04-06,VILLA UDAONDO,ITUZAINGO,1
2020-04-06,ZONA RURAL,PTE PERON,12
2020-04-07,20 DE JUNIO,LA MATANZA,23
2020-04-07,ADROGUE,ALMIRANTE BROWN,173
2020-04-07,AGRONOMIA,CAPITAL FEDERAL,2
2020-04-07,BELGRANO,CAPITAL FEDERAL,15
2020-04-07,BELLA VISTA,SAN MIGUEL,8
2020-04-07,BOSQUES,FLORENCIO VARELA,1
2020-04-07,CANNING,ESTEBAN ECHEVERRIA,2
2020-04-07,CLAYPOLE,ALMIRANTE BROWN,1
2020-04-07,EZPELETA,QUILMES,1
2020-04-07,FLORENCIO VARELA,FLORENCIO VARELA,1
2020-04-07,GARIN,ESCOBAR,87
2020-04-07,GDEROS DE SAN MART?N,GRAL SAN MARTIN,44
2020-04-07,GONZALEZ CATAN,LA MATANZA,89
2020-04-07,GRAL JOSE TOMAS GUIDO,GRAL SAN MARTIN,4
2020-04-07,GRAL RODRIGUEZ,GRAL RODRIGUEZ,39
2020-04-07,JOSE MARIA EZEIZA,EZEIZA,2
2020-04-07,LA LONJA,PILAR,30
2020-04-07,MARIANO ACOSTA,MERLO,14
2020-04-07,MARMOL,ALMIRANTE BROWN,120
2020-04-07,MERLO,MERLO,71
2020-04-07,MORENO,MORENO,1
2020-04-07,PALERMO,CAPITAL FEDERAL,6
2020-04-07,PASO DEL REY,MORENO,23
2020-04-07,QUILMES,QUILMES,6
2020-04-07,RAFAEL CALZADA,ALMIRANTE BROWN,7
2020-04-07,RECOLETA,CAPITAL FEDERAL,13
2020-04-07,SAAVEDRA,CAPITAL FEDERAL,18
2020-04-07,SAN FERNANDO,SAN FERNANDO,4
2020-04-07,SAN JUSTO,LA MATANZA,5
2020-04-07,SOURIGUES,BERAZATEGUI,48
2020-04-07,TORTUGUITAS,MALVINAS ARGENTINAS,17
2020-04-07,TRUJUI,MORENO,26
2020-04-07,VILLA ASTOLFI,PILAR,22
2020-04-07,VILLA LURO,CAPITAL FEDERAL,7
2020-04-07,VILLA MADERO,LA MATANZA,17
2020-04-07,VILLA MAIPU,GRAL SAN MARTIN,21
2020-04-07,VILLA ROSA,PILAR,4
2020-04-07,VIRREY DEL PINO,LA MATANZA,29
2020-04-08,BERNAL,QUILMES,17
2020-04-08,BOSQUES,FLORENCIO VARELA,47
2020-04-08,BURZACO,ALMIRANTE BROWN,81
2020-04-08,COLEGIALES,CAPITAL FEDERAL,23
2020-04-08,DELTA 1RA SECCION (TI),TIGRE,4
2020-04-08,GDEROS DE SAN MART?N,GRAL SAN MARTIN,21
2020-04-08,ING. ALLAN,FLORENCIO VARELA,6
2020-04-08,JOSE MARIA EZEIZA,EZEIZA,1
2020-04-08,LA BOCA,CAPITAL FEDERAL,5
2020-04-08,LANUS,LANUS,25
2020-04-08,LOMAS DE ZAMORA,LOMAS DE ZAMORA,2
2020-04-08,MARMOL,ALMIRANTE BROWN,1
2020-04-08,MUNRO,VICENTE LOPEZ,90
2020-04-08,PLATANOS,BERAZATEGUI,2
2020-04-08,RAFAEL CASTILLO,LA MATANZA,26
2020-04-08,RANELAGH,BERAZATEGUI,13
2020-04-08,SAN JUSTO,LA MATANZA,51
2020-04-08,SOURIGUES,BERAZATEGUI,48
2020-04-08,TRUJUI,MORENO,26
2020-04-08,VERSALLES,CAPITAL FEDERAL,17
2020-04-08,VILLA ASTOLFI,PILAR,22
